"Nance", Ballinger", "Nance.Ballinger@hotmail.com"
"Loutitia", Biros", "Loutitia.Biros@hotmail.com"
"Milli", Balles", "Milli.Balles@gmail.com"
"Martina", Baasch", "Martina.Baasch@gmail.com"
"Georgina", Alsip", "Georgina.Alsip@gmail.com"
"Alyse", Aldis", "Alyse.Aldis@gmail.com"
"Raina", Alig", "Raina.Alig@gmail.com"
"Charis", Barie", "Charis.Barie@gmail.com"
"Easter", Acker", "Easter.Acker@hotmail.com"
"Martynne", Almeida", "Martynne.Almeida@gmail.com"
"Sibella", Albert", "Sibella.Albert@gmail.com"
"Amelia", Behunin", "Amelia.Behunin@hotmail.com"
"Ellie", Barnes", "Ellie.Barnes@hotmail.com"
"Noemi", Agee", "Noemi.Agee@gmail.com"
"Danya", Ambers", "Danya.Ambers@hotmail.com"
"Germaine", Aarons", "Germaine.Aarons@hotmail.com"
"Row", Akiyama", "Row.Akiyama@gmail.com"
"Addia", Ballweg", "Addia.Ballweg@gmail.com"
"Orelee", Belaire", "Orelee.Belaire@hotmail.com"
"Reyna", Binnie", "Reyna.Binnie@hotmail.com"
"Aila", Allwardt", "Aila.Allwardt@hotmail.com"
"Tillie", Abdella", "Tillie.Abdella@gmail.com"
"Lauralee", Alatorre", "Lauralee.Alatorre@hotmail.com"
"Adrianne", Alison", "Adrianne.Alison@hotmail.com"
"Dionis", Birkenfeld", "Dionis.Birkenfeld@hotmail.com"
"Carlynne", Albo", "Carlynne.Albo@gmail.com"
"Marion", Alleva", "Marion.Alleva@hotmail.com"
"Gussie", Allshouse", "Gussie.Allshouse@gmail.com"
"Daveen", Allingham", "Daveen.Allingham@hotmail.com"
"Sallyanne", Ahlberg", "Sallyanne.Ahlberg@hotmail.com"
"Bibbye", Abare", "Bibbye.Abare@hotmail.com"
"Bili", Aceto", "Bili.Aceto@hotmail.com"
"Rosabella", Alvarez", "Rosabella.Alvarez@gmail.com"
"Sophronia", Back", "Sophronia.Back@hotmail.com"
"Pattie", Altherr", "Pattie.Altherr@gmail.com"
"Jennilee", Aldi", "Jennilee.Aldi@gmail.com"
"Barbey", Alvarenga", "Barbey.Alvarenga@gmail.com"
"Dorothy", Akridge", "Dorothy.Akridge@gmail.com"
"Bertha", Agin", "Bertha.Agin@hotmail.com"
"Eddy", Aggarwal", "Eddy.Aggarwal@hotmail.com"
"Bobbi", Bischoff", "Bobbi.Bischoff@gmail.com"
"Vivienne", Aamodt", "Vivienne.Aamodt@gmail.com"
"Karleen", Almeter", "Karleen.Almeter@gmail.com"
"Tedi", Abram", "Tedi.Abram@gmail.com"
"Emiline", Adolphson", "Emiline.Adolphson@gmail.com"
"Nerty", Beil", "Nerty.Beil@gmail.com"
"Winna", Ahalt", "Winna.Ahalt@hotmail.com"
"Lidia", Aki", "Lidia.Aki@hotmail.com"
"Michele", Birke", "Michele.Birke@gmail.com"
"Annalise", Amara", "Annalise.Amara@gmail.com"
"Frances", Ahn", "Frances.Ahn@hotmail.com"
"Angela", Accomando", "Angela.Accomando@gmail.com"
"Agata", Alsman", "Agata.Alsman@gmail.com"
"Joli", Aagard", "Joli.Aagard@gmail.com"
"Genni", Bachert", "Genni.Bachert@gmail.com"
"Jackelyn", Aker", "Jackelyn.Aker@hotmail.com"
"Agnella", Beilke", "Agnella.Beilke@gmail.com"
"Jo-Ann", Aceto", "Jo-Ann.Aceto@hotmail.com"
"Giustina", Alred", "Giustina.Alred@gmail.com"
"Sigrid", Birch", "Sigrid.Birch@gmail.com"
"Karissa", Aleman", "Karissa.Aleman@hotmail.com"
"Chrissie", Ableman", "Chrissie.Ableman@gmail.com"
"Jolyn", Altenburg", "Jolyn.Altenburg@hotmail.com"
"Nicolea", Allensworth", "Nicolea.Allensworth@hotmail.com"
"Juliann", Alyea", "Juliann.Alyea@gmail.com"
"Leone", Agar", "Leone.Agar@hotmail.com"
"Teddi", Alo", "Teddi.Alo@hotmail.com"
"Helaine", Abbe", "Helaine.Abbe@gmail.com"
"Dyanne", Adger", "Dyanne.Adger@hotmail.com"
"Belvia", Bachicha", "Belvia.Bachicha@hotmail.com"
"Latrena", Addleman", "Latrena.Addleman@hotmail.com"
"Reeta", Barngrover", "Reeta.Barngrover@hotmail.com"
"Tamra", Allende", "Tamra.Allende@gmail.com"
"Irene", Binning", "Irene.Binning@hotmail.com"
"Brandie", Alme", "Brandie.Alme@hotmail.com"
"Rozella", Barkman", "Rozella.Barkman@hotmail.com"
"Lelah", Aguado", "Lelah.Aguado@gmail.com"
"Nari", Alfredson", "Nari.Alfredson@gmail.com"
"Jorrie", Agostinelli", "Jorrie.Agostinelli@gmail.com"
"Bernie", Amdahl", "Bernie.Amdahl@hotmail.com"
"Lola", Ales", "Lola.Ales@gmail.com"
"Clari", Balogh", "Clari.Balogh@gmail.com"
"Nicolea", Alspaugh", "Nicolea.Alspaugh@hotmail.com"
"Valencia", Adragna", "Valencia.Adragna@hotmail.com"
"Carmelia", Birchard", "Carmelia.Birchard@gmail.com"
"Aurie", Amadeo", "Aurie.Amadeo@gmail.com"
"Sarina", Aldaco", "Sarina.Aldaco@gmail.com"
"Rodi", Banaszewski", "Rodi.Banaszewski@gmail.com"
"Dana", Abston", "Dana.Abston@hotmail.com"
"Milicent", Balluff", "Milicent.Balluff@gmail.com"
"Chelsae", Bisby", "Chelsae.Bisby@gmail.com"
"Grissel", Aikin", "Grissel.Aikin@hotmail.com"
"Genna", Babst", "Genna.Babst@gmail.com"
"Wilma", Affeldt", "Wilma.Affeldt@gmail.com"
"Nancee", Bacak", "Nancee.Bacak@gmail.com"
"Vikky", Abadi", "Vikky.Abadi@gmail.com"
"Sindee", Barkema", "Sindee.Barkema@hotmail.com"
"Nola", Almendarez", "Nola.Almendarez@hotmail.com"
"Gene", Alongi", "Gene.Alongi@gmail.com"
"Maurene", Beidelman", "Maurene.Beidelman@gmail.com"
"Karoly", Altizer", "Karoly.Altizer@hotmail.com"
"Elise", Adleman", "Elise.Adleman@gmail.com"
"Mala", Agnello", "Mala.Agnello@gmail.com"
"Pansie", Allcorn", "Pansie.Allcorn@hotmail.com"
"Dulci", Ackers", "Dulci.Ackers@hotmail.com"
"Elie", Alkema", "Elie.Alkema@hotmail.com"
"Denise", Acord", "Denise.Acord@gmail.com"
"Christiane", Altobelli", "Christiane.Altobelli@hotmail.com"
"Breena", Adamski", "Breena.Adamski@gmail.com"
"Mia", Babinec", "Mia.Babinec@gmail.com"
"Bell", Belflower", "Bell.Belflower@hotmail.com"
"Xena", Beilke", "Xena.Beilke@gmail.com"
"Stace", Abert", "Stace.Abert@gmail.com"
"Sapphira", Almasi", "Sapphira.Almasi@hotmail.com"
"Valry", Alley", "Valry.Alley@hotmail.com"
"Agatha", Alcock", "Agatha.Alcock@hotmail.com"
"Chicky", Ambers", "Chicky.Ambers@hotmail.com"
"Livy", Ahn", "Livy.Ahn@gmail.com"
"Cyndia", Birrell", "Cyndia.Birrell@gmail.com"
"Cathryn", Alberta", "Cathryn.Alberta@hotmail.com"
"Fawne", Barnas", "Fawne.Barnas@gmail.com"
"Aeriela", Barge", "Aeriela.Barge@gmail.com"
"Lida", Ahles", "Lida.Ahles@gmail.com"
"Bernardina", Altepeter", "Bernardina.Altepeter@hotmail.com"
"Philly", Baribault", "Philly.Baribault@gmail.com"
"Maddie", Almer", "Maddie.Almer@gmail.com"
"Allys", Abeita", "Allys.Abeita@hotmail.com"
"Deana", Bir", "Deana.Bir@hotmail.com"
"Sheba", Ahl", "Sheba.Ahl@hotmail.com"
"Daryn", Abramovitz", "Daryn.Abramovitz@hotmail.com"
"Addia", Belasco", "Addia.Belasco@gmail.com"
"Gussy", Aldred", "Gussy.Aldred@gmail.com"
"Florella", Baar", "Florella.Baar@gmail.com"
"Bridget", Barnum", "Bridget.Barnum@gmail.com"
"Freddy", Airey", "Freddy.Airey@hotmail.com"
"Trudy", Achatz", "Trudy.Achatz@gmail.com"
"Dody", Backs", "Dody.Backs@hotmail.com"
"Leona", Balog", "Leona.Balog@gmail.com"
"Felecia", Alsbrooks", "Felecia.Alsbrooks@hotmail.com"
"Lynnett", Belay", "Lynnett.Belay@gmail.com"
"Kerri", Abarca", "Kerri.Abarca@gmail.com"
"Karolina", Altmann", "Karolina.Altmann@hotmail.com"
"Delphine", Alcoser", "Delphine.Alcoser@hotmail.com"
"Ermentrude", Almendinger", "Ermentrude.Almendinger@hotmail.com"
"Suzette", Birkeland", "Suzette.Birkeland@gmail.com"
"Rodina", Almeter", "Rodina.Almeter@hotmail.com"
"Dore", Alewine", "Dore.Alewine@hotmail.com"
"Bobette", Alwin", "Bobette.Alwin@hotmail.com"
"Rochette", Almasi", "Rochette.Almasi@gmail.com"
"Blanca", Aloe", "Blanca.Aloe@gmail.com"
"Isabelita", Alker", "Isabelita.Alker@gmail.com"
"Lebbie", Agrella", "Lebbie.Agrella@hotmail.com"
"Chastity", Achille", "Chastity.Achille@hotmail.com"
"Jerrilyn", Addison", "Jerrilyn.Addison@hotmail.com"
"Olive", Adkerson", "Olive.Adkerson@gmail.com"
"Natalina", Barge", "Natalina.Barge@gmail.com"
"Nan", Banasiak", "Nan.Banasiak@hotmail.com"
"Ketty", Bacino", "Ketty.Bacino@hotmail.com"
"Dominique", Allee", "Dominique.Allee@hotmail.com"
"Alison", Babst", "Alison.Babst@gmail.com"
"Alyda", Alamillo", "Alyda.Alamillo@gmail.com"
"Lillian", Balser", "Lillian.Balser@hotmail.com"
"Gwendolyn", Barke", "Gwendolyn.Barke@gmail.com"
"Ruthy", Birchard", "Ruthy.Birchard@hotmail.com"
"Pammie", Aman", "Pammie.Aman@hotmail.com"
"Mireille", Barno", "Mireille.Barno@hotmail.com"
"Lila", Albini", "Lila.Albini@gmail.com"
"Lela", Aldous", "Lela.Aldous@hotmail.com"
"Merla", Alejandre", "Merla.Alejandre@hotmail.com"
"Margarete", Aalto", "Margarete.Aalto@gmail.com"
"Idaline", Alderton", "Idaline.Alderton@hotmail.com"
"Harriett", Barger", "Harriett.Barger@gmail.com"
"Arabele", Beining", "Arabele.Beining@hotmail.com"
"Bridie", Allred", "Bridie.Allred@gmail.com"
"Cathee", Aebersold", "Cathee.Aebersold@gmail.com"
"Allx", Adamian", "Allx.Adamian@hotmail.com"
"Maiga", Beishline", "Maiga.Beishline@gmail.com"
"Fernandina", Balvin", "Fernandina.Balvin@gmail.com"
"Jessy", Aguirre", "Jessy.Aguirre@hotmail.com"
"Josi", Acomb", "Josi.Acomb@gmail.com"
"Anita", Aanenson", "Anita.Aanenson@hotmail.com"
"Gavrielle", Barns", "Gavrielle.Barns@hotmail.com"
"Eartha", Altomare", "Eartha.Altomare@hotmail.com"
"Margy", Alam", "Margy.Alam@gmail.com"
"Carolina", Afonso", "Carolina.Afonso@hotmail.com"
"Odelinda", Balsam", "Odelinda.Balsam@gmail.com"
"Lynette", Birkel", "Lynette.Birkel@gmail.com"
"Camellia", Abbate", "Camellia.Abbate@hotmail.com"
"Glennis", Altomari", "Glennis.Altomari@gmail.com"
"Jilleen", Allegra", "Jilleen.Allegra@hotmail.com"
"Arlena", Amber", "Arlena.Amber@gmail.com"
"Olimpia", Allende", "Olimpia.Allende@gmail.com"
"Shay", Abella", "Shay.Abella@hotmail.com"
"Marja", Albany", "Marja.Albany@hotmail.com"
"Timothea", Abbey", "Timothea.Abbey@hotmail.com"
"Misty", Altmeyer", "Misty.Altmeyer@hotmail.com"
"Tim", Alvizo", "Tim.Alvizo@gmail.com"
"Shannon", Alva", "Shannon.Alva@hotmail.com"
"Cal", Birdwell", "Cal.Birdwell@gmail.com"
"Germaine", Barge", "Germaine.Barge@gmail.com"
"Jade", Abert", "Jade.Abert@gmail.com"
"Janice", Akins", "Janice.Akins@hotmail.com"
"Jamima", Babson", "Jamima.Babson@hotmail.com"
"Shell", Adolph", "Shell.Adolph@hotmail.com"
"Henrieta", Affeldt", "Henrieta.Affeldt@gmail.com"
"Alis", Belay", "Alis.Belay@hotmail.com"
"Mechelle", Albini", "Mechelle.Albini@gmail.com"
"Ivett", Abramovitz", "Ivett.Abramovitz@hotmail.com"
"Amandi", Alberta", "Amandi.Alberta@gmail.com"
"Ginger", Ahner", "Ginger.Ahner@gmail.com"
"Clarita", Binnie", "Clarita.Binnie@gmail.com"
"Ardys", Alling", "Ardys.Alling@hotmail.com"
"Mariska", Acors", "Mariska.Acors@hotmail.com"
"Darelle", Afshar", "Darelle.Afshar@gmail.com"
"Janaya", Akey", "Janaya.Akey@hotmail.com"
"Heddie", Birchfield", "Heddie.Birchfield@hotmail.com"
"Asia", Biscardi", "Asia.Biscardi@gmail.com"
"Viola", Ackerson", "Viola.Ackerson@gmail.com"
"Chiarra", Barnhart", "Chiarra.Barnhart@gmail.com"
"Mechelle", Albrecht", "Mechelle.Albrecht@gmail.com"
"Rosalyn", Binstock", "Rosalyn.Binstock@hotmail.com"
"Roch", Binks", "Roch.Binks@gmail.com"
"Jehanna", Almaguer", "Jehanna.Almaguer@gmail.com"
"Fredia", Balsinger", "Fredia.Balsinger@hotmail.com"
"Eddie", Beilke", "Eddie.Beilke@gmail.com"
"Con", Agerton", "Con.Agerton@gmail.com"
"Felita", Ala", "Felita.Ala@hotmail.com"
"Cynthy", Alfson", "Cynthy.Alfson@gmail.com"
"Celestine", Abraham", "Celestine.Abraham@hotmail.com"
"Leonora", Balzano", "Leonora.Balzano@gmail.com"
"Erna", Belew", "Erna.Belew@gmail.com"
"Yevette", Barndt", "Yevette.Barndt@gmail.com"
"Rozelle", Baltierra", "Rozelle.Baltierra@hotmail.com"
"Pearle", Bach", "Pearle.Bach@hotmail.com"
"Marline", Beith", "Marline.Beith@hotmail.com"
"Rebbecca", Barney", "Rebbecca.Barney@hotmail.com"
"Blanca", Alcock", "Blanca.Alcock@gmail.com"
"Lena", Abron", "Lena.Abron@gmail.com"
"Shirl", Bari", "Shirl.Bari@gmail.com"
"Lelia", Alwood", "Lelia.Alwood@gmail.com"
"Audrie", Allmand", "Audrie.Allmand@gmail.com"
"Quintina", Alborn", "Quintina.Alborn@hotmail.com"
"Effie", Alls", "Effie.Alls@gmail.com"
"Margarette", Abron", "Margarette.Abron@gmail.com"
"Marji", Allsbrook", "Marji.Allsbrook@hotmail.com"
"Suzette", Bisek", "Suzette.Bisek@hotmail.com"
"Dasha", Behrns", "Dasha.Behrns@hotmail.com"
"Daisie", Bisch", "Daisie.Bisch@gmail.com"
"Wren", Ba", "Wren.Ba@gmail.com"
"Evania", Akhter", "Evania.Akhter@gmail.com"
"Fiorenze", Alonge", "Fiorenze.Alonge@gmail.com"
"Jenn", Binks", "Jenn.Binks@hotmail.com"
"Rivkah", Alhadeff", "Rivkah.Alhadeff@hotmail.com"
"Devinne", Bacik", "Devinne.Bacik@hotmail.com"
"Cathi", Acors", "Cathi.Acors@gmail.com"
"Becky", Almeter", "Becky.Almeter@hotmail.com"
"Faustina", Binsfeld", "Faustina.Binsfeld@gmail.com"
"Keriann", Birchall", "Keriann.Birchall@gmail.com"
"Margo", Aiton", "Margo.Aiton@hotmail.com"
"Coral", Alworth", "Coral.Alworth@hotmail.com"
"Ethelin", Allyn", "Ethelin.Allyn@gmail.com"
"Colline", Beiriger", "Colline.Beiriger@hotmail.com"
"Astrid", Adamick", "Astrid.Adamick@gmail.com"
"Angeline", Barkus", "Angeline.Barkus@gmail.com"
"Libbie", Birnbach", "Libbie.Birnbach@gmail.com"
"Kylen", Albano", "Kylen.Albano@gmail.com"
"Dasi", Biondolillo", "Dasi.Biondolillo@hotmail.com"
"Jaquith", Agosta", "Jaquith.Agosta@hotmail.com"
"Malena", Binz", "Malena.Binz@gmail.com"
"Arly", Babbit", "Arly.Babbit@gmail.com"
"Jacquenetta", Almendarez", "Jacquenetta.Almendarez@gmail.com"
"Gisela", Beinke", "Gisela.Beinke@hotmail.com"
"Tiffy", Albertelli", "Tiffy.Albertelli@gmail.com"
"Wendie", Aliberti", "Wendie.Aliberti@hotmail.com"
"Helsa", Akel", "Helsa.Akel@hotmail.com"
"Terrye", Balough", "Terrye.Balough@hotmail.com"
"Venus", Altavilla", "Venus.Altavilla@gmail.com"
"Quintana", Aduddell", "Quintana.Aduddell@gmail.com"
"Stesha", Barna", "Stesha.Barna@gmail.com"
"Bertha", Allinger", "Bertha.Allinger@gmail.com"
"Eleen", Almeida", "Eleen.Almeida@gmail.com"
"Clo", Ahlers", "Clo.Ahlers@gmail.com"
"Winifred", Alterman", "Winifred.Alterman@hotmail.com"
"Victoria", Aderman", "Victoria.Aderman@hotmail.com"
"Augustina", Alessio", "Augustina.Alessio@gmail.com"
"Dreddy", Birdsey", "Dreddy.Birdsey@hotmail.com"
"Libbi", Almond", "Libbi.Almond@hotmail.com"
"Fionnula", Bachand", "Fionnula.Bachand@hotmail.com"
"Becka", Allston", "Becka.Allston@hotmail.com"
"Leodora", Abrahams", "Leodora.Abrahams@gmail.com"
"Marje", Bacino", "Marje.Bacino@gmail.com"
"Ninnetta", Baloun", "Ninnetta.Baloun@hotmail.com"
"Ninnetta", Bachler", "Ninnetta.Bachler@gmail.com"
"Abigail", Barickman", "Abigail.Barickman@gmail.com"
"Valencia", Adolf", "Valencia.Adolf@gmail.com"
"Emmalyn", Backer", "Emmalyn.Backer@gmail.com"
"Gwendolyn", Abrahamian", "Gwendolyn.Abrahamian@hotmail.com"
"Viva", Alber", "Viva.Alber@gmail.com"
"Sharity", Alon", "Sharity.Alon@gmail.com"
"Siobhan", Acorn", "Siobhan.Acorn@hotmail.com"
"Kate", Albritton", "Kate.Albritton@gmail.com"
"Lucienne", Beidelman", "Lucienne.Beidelman@hotmail.com"
"Lynna", Acy", "Lynna.Acy@hotmail.com"
"Brietta", Abrahamson", "Brietta.Abrahamson@hotmail.com"
"Blake", Birrell", "Blake.Birrell@gmail.com"
"Eda", Birtcher", "Eda.Birtcher@hotmail.com"
"Kira", Ameen", "Kira.Ameen@gmail.com"
"Zara", Alvey", "Zara.Alvey@gmail.com"
"Lisetta", Amedeo", "Lisetta.Amedeo@hotmail.com"
"Madge", Ambrosino", "Madge.Ambrosino@gmail.com"
"Fernanda", Baltodano", "Fernanda.Baltodano@hotmail.com"
"Stefa", Akhter", "Stefa.Akhter@hotmail.com"
"Orel", Aguayo", "Orel.Aguayo@gmail.com"
"Doralynne", Banasik", "Doralynne.Banasik@hotmail.com"
"Anastasia", Ade", "Anastasia.Ade@hotmail.com"
"Maure", Belfiore", "Maure.Belfiore@gmail.com"
"Emmalynn", Altherr", "Emmalynn.Altherr@gmail.com"
"Eliza", Alfonsi", "Eliza.Alfonsi@gmail.com"
"Pennie", Affleck", "Pennie.Affleck@gmail.com"
"Libbi", Bacheller", "Libbi.Bacheller@hotmail.com"
"Olly", Acomb", "Olly.Acomb@gmail.com"
"Kathrine", Aleo", "Kathrine.Aleo@hotmail.com"
"Angelica", Achuff", "Angelica.Achuff@hotmail.com"
"Ethelyn", Baloga", "Ethelyn.Baloga@gmail.com"
"Isabel", Belding", "Isabel.Belding@gmail.com"
"Frederica", Ahlgrim", "Frederica.Ahlgrim@gmail.com"
"Kaitlynn", Altavilla", "Kaitlynn.Altavilla@gmail.com"
"Pattie", Belford", "Pattie.Belford@hotmail.com"
"Bamby", Ahlbrecht", "Bamby.Ahlbrecht@hotmail.com"
"Elsa", Abbate", "Elsa.Abbate@gmail.com"
"Tasha", Banaszewski", "Tasha.Banaszewski@hotmail.com"
"Row", Alfrey", "Row.Alfrey@hotmail.com"
"Cristie", Abler", "Cristie.Abler@gmail.com"
"Carlyn", Alman", "Carlyn.Alman@gmail.com"
"Anabelle", Aguinaldo", "Anabelle.Aguinaldo@gmail.com"
"Suzann", Adamcik", "Suzann.Adamcik@gmail.com"
"Zorina", Beldon", "Zorina.Beldon@gmail.com"
"Hyacinthe", Agard", "Hyacinthe.Agard@gmail.com"
"Shela", Babineau", "Shela.Babineau@hotmail.com"
"Ajay", Adami", "Ajay.Adami@hotmail.com"
"Kaila", Allar", "Kaila.Allar@gmail.com"
"Roselle", Ba", "Roselle.Ba@gmail.com"
"Lonni", Ahr", "Lonni.Ahr@hotmail.com"
"Arlen", Alligood", "Arlen.Alligood@hotmail.com"
"Lucine", Balster", "Lucine.Balster@hotmail.com"
"Henka", Alworth", "Henka.Alworth@gmail.com"
"Flossie", Almquist", "Flossie.Almquist@hotmail.com"
"Jeniffer", Aguilera", "Jeniffer.Aguilera@gmail.com"
"Jourdan", Bischel", "Jourdan.Bischel@gmail.com"
"Alejandrina", Balough", "Alejandrina.Balough@gmail.com"
"Ida", Amadon", "Ida.Amadon@hotmail.com"
"Kelly", Abts", "Kelly.Abts@gmail.com"
"Sarita", Abby", "Sarita.Abby@hotmail.com"
"Cammy", Alkire", "Cammy.Alkire@hotmail.com"
"Penelopa", Adamian", "Penelopa.Adamian@gmail.com"
"Valenka", Alvey", "Valenka.Alvey@hotmail.com"
"Tillie", Ahlf", "Tillie.Ahlf@hotmail.com"
"Mellisa", Ainsworth", "Mellisa.Ainsworth@gmail.com"
"Ulrika", Alejos", "Ulrika.Alejos@hotmail.com"
"Alysia", Alway", "Alysia.Alway@hotmail.com"
"Frank", Agle", "Frank.Agle@gmail.com"
"Pavia", Belding", "Pavia.Belding@hotmail.com"
"Lindsay", Ahluwalia", "Lindsay.Ahluwalia@hotmail.com"
"Manon", Altig", "Manon.Altig@gmail.com"
"Evvie", Agcaoili", "Evvie.Agcaoili@hotmail.com"
"Rebekkah", Aguirre", "Rebekkah.Aguirre@hotmail.com"
"Candace", Beiler", "Candace.Beiler@gmail.com"
"Chlo", Bargiel", "Chlo.Bargiel@gmail.com"
"Dennie", Allnutt", "Dennie.Allnutt@hotmail.com"
"Grier", Ableman", "Grier.Ableman@hotmail.com"
"Martica", Alkins", "Martica.Alkins@gmail.com"
"Ivie", Beiler", "Ivie.Beiler@hotmail.com"
"Amelita", Alphonse", "Amelita.Alphonse@gmail.com"
"Kit", Baller", "Kit.Baller@gmail.com"
"Candis", Biron", "Candis.Biron@gmail.com"
"Judye", Biondo", "Judye.Biondo@hotmail.com"
"Lucita", Achorn", "Lucita.Achorn@gmail.com"
"Kimberlyn", Adel", "Kimberlyn.Adel@gmail.com"
"Wendeline", Albani", "Wendeline.Albani@gmail.com"
"Murial", Agosti", "Murial.Agosti@hotmail.com"
"Anabella", Achen", "Anabella.Achen@hotmail.com"
"Darcee", Aleo", "Darcee.Aleo@gmail.com"
"Nanette", Bisel", "Nanette.Bisel@gmail.com"
"Sibella", Banaszak", "Sibella.Banaszak@hotmail.com"
"Leah", Alewine", "Leah.Alewine@gmail.com"
"Abby", Aldridge", "Abby.Aldridge@hotmail.com"
"Margi", Ader", "Margi.Ader@gmail.com"
"Jenda", Alegria", "Jenda.Alegria@gmail.com"
"Annabela", Amari", "Annabela.Amari@hotmail.com"
"Quinn", Alberg", "Quinn.Alberg@gmail.com"
"Sidonnie", Abbruzzese", "Sidonnie.Abbruzzese@hotmail.com"
"Bobette", Belgum", "Bobette.Belgum@hotmail.com"
"Tani", Allers", "Tani.Allers@gmail.com"
"Doro", Ahler", "Doro.Ahler@hotmail.com"
"Sibby", Albach", "Sibby.Albach@hotmail.com"
"Dyana", Ackley", "Dyana.Ackley@gmail.com"
"Mab", Barkman", "Mab.Barkman@gmail.com"
"Gabrila", Bacho", "Gabrila.Bacho@hotmail.com"
"Kira", Banasik", "Kira.Banasik@hotmail.com"
"Blaire", Alverez", "Blaire.Alverez@gmail.com"
"Barb", Bargerstock", "Barb.Bargerstock@gmail.com"
"Kerrie", Baasch", "Kerrie.Baasch@gmail.com"
"Britta", Ade", "Britta.Ade@hotmail.com"
"Dody", Abell", "Dody.Abell@hotmail.com"
"Charis", Bacino", "Charis.Bacino@hotmail.com"
"Lu", Beighle", "Lu.Beighle@hotmail.com"
"Jenilee", Amarante", "Jenilee.Amarante@gmail.com"
"Marla", Adger", "Marla.Adger@gmail.com"
"Shantee", Baloun", "Shantee.Baloun@gmail.com"
"Genni", Adolph", "Genni.Adolph@gmail.com"
"Fifine", Allee", "Fifine.Allee@gmail.com"
"Aretha", Altermatt", "Aretha.Altermatt@hotmail.com"
"Raven", Amedeo", "Raven.Amedeo@hotmail.com"
"Karleen", Alig", "Karleen.Alig@hotmail.com"
"Tammara", Balsinger", "Tammara.Balsinger@gmail.com"
"Glen", Balsley", "Glen.Balsley@gmail.com"
"Marylinda", Alstott", "Marylinda.Alstott@gmail.com"
"Carlen", Bein", "Carlen.Bein@hotmail.com"
"Korella", Agresta", "Korella.Agresta@gmail.com"
"Prue", Beilby", "Prue.Beilby@hotmail.com"
"Umeko", Adcox", "Umeko.Adcox@gmail.com"
"Megen", Airington", "Megen.Airington@hotmail.com"
"Judye", Aldinger", "Judye.Aldinger@gmail.com"
"Michaeline", Acres", "Michaeline.Acres@hotmail.com"
"Lisetta", Beise", "Lisetta.Beise@gmail.com"
"Josey", Balzarini", "Josey.Balzarini@gmail.com"
"Retha", Akamine", "Retha.Akamine@hotmail.com"
"Sari", Alexopoulos", "Sari.Alexopoulos@gmail.com"
"Virginie", Addie", "Virginie.Addie@gmail.com"
"Ibby", Alm", "Ibby.Alm@gmail.com"
"Waly", Balzer", "Waly.Balzer@hotmail.com"
"Verena", Algiere", "Verena.Algiere@gmail.com"
"Meggy", Albertelli", "Meggy.Albertelli@gmail.com"
"Barb", Altland", "Barb.Altland@gmail.com"
"Denice", Alexandre", "Denice.Alexandre@hotmail.com"
"Tomasine", Beirne", "Tomasine.Beirne@gmail.com"
"Florenza", Altamura", "Florenza.Altamura@gmail.com"
"Modestia", Bachler", "Modestia.Bachler@gmail.com"
"Lynnelle", Amendola", "Lynnelle.Amendola@hotmail.com"
"Conni", Aleman", "Conni.Aleman@gmail.com"
"Lindi", Belcher", "Lindi.Belcher@gmail.com"
"Jackquelin", Amado", "Jackquelin.Amado@hotmail.com"
"Lula", Akel", "Lula.Akel@gmail.com"
"Olga", Alleman", "Olga.Alleman@hotmail.com"
"Terrijo", Abramowitz", "Terrijo.Abramowitz@gmail.com"
"Florence", Altobello", "Florence.Altobello@gmail.com"
"Dorine", Albergo", "Dorine.Albergo@gmail.com"
"Olga", Ahlgrim", "Olga.Ahlgrim@gmail.com"
"Lonnie", Alatorre", "Lonnie.Alatorre@hotmail.com"
"Leyla", Alu", "Leyla.Alu@hotmail.com"
"Sibley", Aleman", "Sibley.Aleman@gmail.com"
"Athene", Alff", "Athene.Alff@gmail.com"
"Maighdiln", Balon", "Maighdiln.Balon@hotmail.com"
"Marion", Bamonte", "Marion.Bamonte@gmail.com"
"Ame", Agee", "Ame.Agee@hotmail.com"
"Daphne", Allebach", "Daphne.Allebach@hotmail.com"
"Amye", Alvear", "Amye.Alvear@gmail.com"
"Nadiya", Baris", "Nadiya.Baris@hotmail.com"
"Pen", Beitel", "Pen.Beitel@hotmail.com"
"Roslyn", Baccari", "Roslyn.Baccari@gmail.com"
"Alfy", Abela", "Alfy.Abela@hotmail.com"
"Brynne", Baab", "Brynne.Baab@hotmail.com"
"Belle", Aldag", "Belle.Aldag@gmail.com"
"Dede", Adamian", "Dede.Adamian@gmail.com"
"Dollie", Alleyne", "Dollie.Alleyne@gmail.com"
"Shena", Alfredson", "Shena.Alfredson@hotmail.com"
"Rozamond", Africa", "Rozamond.Africa@gmail.com"
"Krista", Ainsley", "Krista.Ainsley@hotmail.com"
"Kathleen", Balzarini", "Kathleen.Balzarini@gmail.com"
"Cristine", Alm", "Cristine.Alm@hotmail.com"
"Dixie", Altman", "Dixie.Altman@gmail.com"
"Coraline", Adamo", "Coraline.Adamo@hotmail.com"
"Christalle", Birdsong", "Christalle.Birdsong@gmail.com"
"Adel", Allman", "Adel.Allman@hotmail.com"
"Bernita", Barko", "Bernita.Barko@hotmail.com"
"Jamima", Beilman", "Jamima.Beilman@gmail.com"
"Holly", Babson", "Holly.Babson@gmail.com"
"Nara", Barna", "Nara.Barna@gmail.com"
"Blinni", Barkus", "Blinni.Barkus@gmail.com"
"Philippa", Allemand", "Philippa.Allemand@hotmail.com"
"Deanna", Aherne", "Deanna.Aherne@gmail.com"
"Gleda", Alejos", "Gleda.Alejos@gmail.com"
"Perri", Banaszynski", "Perri.Banaszynski@hotmail.com"
"Shane", Allenbach", "Shane.Allenbach@hotmail.com"
"Aurie", Affleck", "Aurie.Affleck@gmail.com"
"Corry", Bippus", "Corry.Bippus@gmail.com"
"Gena", Alicea", "Gena.Alicea@gmail.com"
"Lorain", Baluch", "Lorain.Baluch@hotmail.com"
"Halie", Almazan", "Halie.Almazan@gmail.com"
"Doro", Almand", "Doro.Almand@hotmail.com"
"Dominga", Baribeau", "Dominga.Baribeau@hotmail.com"
"Lucilia", Alagna", "Lucilia.Alagna@hotmail.com"
"Leigh", Bacon", "Leigh.Bacon@gmail.com"
"Karee", Alioto", "Karee.Alioto@gmail.com"
"Kim", Babbs", "Kim.Babbs@gmail.com"
"Maisey", Alters", "Maisey.Alters@hotmail.com"
"Larisa", Alderson", "Larisa.Alderson@gmail.com"
"Lynn", Barkdoll", "Lynn.Barkdoll@hotmail.com"
"Aurel", Alcott", "Aurel.Alcott@hotmail.com"
"Jacquetta", Birchfield", "Jacquetta.Birchfield@gmail.com"
"Lora", Bachner", "Lora.Bachner@hotmail.com"
"Scarlet", Alegre", "Scarlet.Alegre@gmail.com"
"Faye", Aitkens", "Faye.Aitkens@gmail.com"
"Shela", Aguas", "Shela.Aguas@gmail.com"
"Ulrike", Adel", "Ulrike.Adel@hotmail.com"
"Korry", Alcalde", "Korry.Alcalde@gmail.com"
"Ros", Altier", "Ros.Altier@hotmail.com"
"Sandy", Addair", "Sandy.Addair@hotmail.com"
"Windy", Abramowitz", "Windy.Abramowitz@gmail.com"
"Ferne", Barnard", "Ferne.Barnard@gmail.com"
"Amalie", Alford", "Amalie.Alford@gmail.com"
"Odele", Allain", "Odele.Allain@hotmail.com"
"Karmen", Adamy", "Karmen.Adamy@hotmail.com"
"Catherin", Altman", "Catherin.Altman@gmail.com"
"Rosanne", Abner", "Rosanne.Abner@hotmail.com"
"Martita", Aldredge", "Martita.Aldredge@gmail.com"
"Shanta", Abadie", "Shanta.Abadie@gmail.com"
"Cilka", Bargas", "Cilka.Bargas@gmail.com"
"Loreen", Alderman", "Loreen.Alderman@gmail.com"
"Charyl", Altringer", "Charyl.Altringer@gmail.com"
"Penni", Barman", "Penni.Barman@hotmail.com"
"Darlleen", Allensworth", "Darlleen.Allensworth@hotmail.com"
"Britta", Ballenger", "Britta.Ballenger@gmail.com"
"Constantia", Barkema", "Constantia.Barkema@hotmail.com"
"Maribel", Binstock", "Maribel.Binstock@gmail.com"
"Darla", Altic", "Darla.Altic@hotmail.com"
"Marjory", Alker", "Marjory.Alker@hotmail.com"
"Gussie", Altenhofen", "Gussie.Altenhofen@gmail.com"
"Theda", Barkes", "Theda.Barkes@hotmail.com"
"Zabrina", Allanson", "Zabrina.Allanson@hotmail.com"
"Addy", Binning", "Addy.Binning@gmail.com"
"Ashlee", Barkus", "Ashlee.Barkus@gmail.com"
"Benedicta", Barmann", "Benedicta.Barmann@gmail.com"
"Noami", Abar", "Noami.Abar@gmail.com"
"Anabel", Addis", "Anabel.Addis@hotmail.com"
"Doll", Abend", "Doll.Abend@gmail.com"
"Ethelda", Allwein", "Ethelda.Allwein@gmail.com"
"Berte", Alexis", "Berte.Alexis@gmail.com"
"Willette", Alsip", "Willette.Alsip@hotmail.com"
"Gabi", Ballerini", "Gabi.Ballerini@gmail.com"
"Shaine", Aburto", "Shaine.Aburto@hotmail.com"
"Lanae", Abercrombie", "Lanae.Abercrombie@gmail.com"
"Berny", Abrahams", "Berny.Abrahams@gmail.com"
"Hinda", Albino", "Hinda.Albino@hotmail.com"
"Emmi", Ahumada", "Emmi.Ahumada@hotmail.com"
"Berthe", Agre", "Berthe.Agre@hotmail.com"
"Etheline", Amacker", "Etheline.Amacker@gmail.com"
"Leslie", Amado", "Leslie.Amado@gmail.com"
"Eustacia", Aguado", "Eustacia.Aguado@gmail.com"
"Leena", Amberg", "Leena.Amberg@hotmail.com"
"Rori", Belfer", "Rori.Belfer@gmail.com"
"Shaun", Alma", "Shaun.Alma@hotmail.com"
"Karine", Ahrens", "Karine.Ahrens@gmail.com"
"Rosamond", Aldi", "Rosamond.Aldi@hotmail.com"
"Dominique", Bargar", "Dominique.Bargar@gmail.com"
"Rebeka", Balvin", "Rebeka.Balvin@hotmail.com"
"Thomasine", Alstott", "Thomasine.Alstott@gmail.com"
"Hatti", Ballis", "Hatti.Ballis@hotmail.com"
"Oriana", Barnhart", "Oriana.Barnhart@hotmail.com"
"Dot", Amelio", "Dot.Amelio@gmail.com"
"Tonye", Adamic", "Tonye.Adamic@gmail.com"
"Marigold", Amendt", "Marigold.Amendt@hotmail.com"
"Grayce", Belan", "Grayce.Belan@hotmail.com"
"Brandice", Birckhead", "Brandice.Birckhead@hotmail.com"
"Delcina", Allie", "Delcina.Allie@hotmail.com"
"Georgine", Abrahamian", "Georgine.Abrahamian@hotmail.com"
"Enid", Altermatt", "Enid.Altermatt@gmail.com"
"Adey", Aikin", "Adey.Aikin@hotmail.com"
"Seline", Aikey", "Seline.Aikey@gmail.com"
"Amalie", Abela", "Amalie.Abela@gmail.com"
"Fidela", Bamburg", "Fidela.Bamburg@gmail.com"
"Rowena", Altergott", "Rowena.Altergott@hotmail.com"
"Barb", Bacon", "Barb.Bacon@gmail.com"
"Tuesday", Biondolillo", "Tuesday.Biondolillo@hotmail.com"
"Julia", Airey", "Julia.Airey@hotmail.com"
"Feliza", Allsop", "Feliza.Allsop@gmail.com"
"Melina", Ackman", "Melina.Ackman@gmail.com"
"Ardelia", Altemose", "Ardelia.Altemose@gmail.com"
"Eryn", Baller", "Eryn.Baller@gmail.com"
"Karin", Adamy", "Karin.Adamy@gmail.com"
"Shela", Adami", "Shela.Adami@gmail.com"
"Melony", Alliston", "Melony.Alliston@gmail.com"
"Clare", Adriano", "Clare.Adriano@gmail.com"
"Adrian", Agcaoili", "Adrian.Agcaoili@gmail.com"
"Orella", Abee", "Orella.Abee@gmail.com"
"Kaleena", Agee", "Kaleena.Agee@hotmail.com"
"Giovanna", Balsinger", "Giovanna.Balsinger@hotmail.com"
"Talia", Behring", "Talia.Behring@gmail.com"
"Kalina", Allemand", "Kalina.Allemand@gmail.com"
"Matilde", Allbee", "Matilde.Allbee@gmail.com"
"Florenza", Ambrose", "Florenza.Ambrose@hotmail.com"
"Dorolice", Bambino", "Dorolice.Bambino@gmail.com"
"Yoshi", Aderman", "Yoshi.Aderman@gmail.com"
"Tara", Abrego", "Tara.Abrego@hotmail.com"
"Binnie", Altergott", "Binnie.Altergott@gmail.com"
"Mariette", Alu", "Mariette.Alu@gmail.com"
"Letizia", Afzal", "Letizia.Afzal@gmail.com"
"Tallou", Almgren", "Tallou.Almgren@hotmail.com"
"Franciska", Agnor", "Franciska.Agnor@hotmail.com"
"Trudey", Abbs", "Trudey.Abbs@gmail.com"
"Hendrika", Almasy", "Hendrika.Almasy@gmail.com"
"Agatha", Almaguer", "Agatha.Almaguer@hotmail.com"
"Alyse", Belgum", "Alyse.Belgum@hotmail.com"
"Hope", Barnicle", "Hope.Barnicle@gmail.com"
"Hatti", Ahlf", "Hatti.Ahlf@hotmail.com"
"Cecil", Abruzzo", "Cecil.Abruzzo@gmail.com"
"Leigh", Balson", "Leigh.Balson@hotmail.com"
"Latia", Alvey", "Latia.Alvey@hotmail.com"
"Editha", Alberding", "Editha.Alberding@hotmail.com"
"Jillayne", Baltimore", "Jillayne.Baltimore@hotmail.com"
"Twyla", Aldridge", "Twyla.Aldridge@hotmail.com"
"Estele", Allegro", "Estele.Allegro@gmail.com"
"Lebbie", Adamo", "Lebbie.Adamo@gmail.com"
"Bryna", Ambler", "Bryna.Ambler@hotmail.com"
"Dacy", Agricola", "Dacy.Agricola@gmail.com"
"Valaree", Barksdale", "Valaree.Barksdale@gmail.com"
"Leanor", Bachtell", "Leanor.Bachtell@gmail.com"
"Amalle", Barmore", "Amalle.Barmore@hotmail.com"
"Jacinta", Beim", "Jacinta.Beim@hotmail.com"
"Kalila", Airoldi", "Kalila.Airoldi@hotmail.com"
"Billy", Behunin", "Billy.Behunin@hotmail.com"
"Peta", Beighley", "Peta.Beighley@hotmail.com"
"Frankie", Agler", "Frankie.Agler@gmail.com"
"Haily", Alling", "Haily.Alling@hotmail.com"
"Janenna", Allard", "Janenna.Allard@hotmail.com"
"Rafaelia", Alterio", "Rafaelia.Alterio@gmail.com"
"Beryle", Biren", "Beryle.Biren@gmail.com"
"Rochella", Alvord", "Rochella.Alvord@gmail.com"
"Ursula", Alva", "Ursula.Alva@hotmail.com"
"Noelani", Alsbrook", "Noelani.Alsbrook@gmail.com"
"Elie", Agustin", "Elie.Agustin@hotmail.com"
"Stefanie", Ament", "Stefanie.Ament@hotmail.com"
"Nelia", Aburto", "Nelia.Aburto@hotmail.com"
"Anastasie", Belcher", "Anastasie.Belcher@hotmail.com"
"Mercedes", Adderly", "Mercedes.Adderly@hotmail.com"
"Indira", Allgaier", "Indira.Allgaier@hotmail.com"
"Auroora", Alberg", "Auroora.Alberg@hotmail.com"
"Hally", Barns", "Hally.Barns@gmail.com"
"Vin", Aiton", "Vin.Aiton@hotmail.com"
"Ginevra", Babineau", "Ginevra.Babineau@gmail.com"
"Agnola", Aderman", "Agnola.Aderman@gmail.com"
"Winny", Babiarz", "Winny.Babiarz@hotmail.com"
"Wenonah", Altomari", "Wenonah.Altomari@hotmail.com"
"Mignon", Binner", "Mignon.Binner@gmail.com"
"Gilda", Alo", "Gilda.Alo@hotmail.com"
"Milicent", Affleck", "Milicent.Affleck@hotmail.com"
"Brita", Abramo", "Brita.Abramo@hotmail.com"
"Rosette", Baal", "Rosette.Baal@hotmail.com"
"Silvia", Admire", "Silvia.Admire@gmail.com"
"Gina", Babik", "Gina.Babik@gmail.com"
"Ulla", Alders", "Ulla.Alders@hotmail.com"
"Christy", Allendorf", "Christy.Allendorf@gmail.com"
"Willi", Althaus", "Willi.Althaus@hotmail.com"
"Wynnie", Barnell", "Wynnie.Barnell@hotmail.com"
"Arly", Bachhuber", "Arly.Bachhuber@gmail.com"
"Jessie", Beideman", "Jessie.Beideman@hotmail.com"
"Vikky", Agers", "Vikky.Agers@hotmail.com"
"Rosa", Bires", "Rosa.Bires@hotmail.com"
"Gabey", Barksdale", "Gabey.Barksdale@gmail.com"
"Sophi", Adey", "Sophi.Adey@hotmail.com"
"Guinevere", Ballenger", "Guinevere.Ballenger@hotmail.com"
"Karen", Allbee", "Karen.Allbee@gmail.com"
"Laurie", Aloise", "Laurie.Aloise@gmail.com"
"Michaeline", Ahola", "Michaeline.Ahola@gmail.com"
"Ariel", Ahern", "Ariel.Ahern@hotmail.com"
"Jobi", Allbaugh", "Jobi.Allbaugh@hotmail.com"
"Noellyn", Alexis", "Noellyn.Alexis@hotmail.com"
"Gabriela", Aguon", "Gabriela.Aguon@hotmail.com"
"Kamila", Alfonso", "Kamila.Alfonso@gmail.com"
"Gisela", Allaman", "Gisela.Allaman@gmail.com"
"Dolorita", Addie", "Dolorita.Addie@gmail.com"
"Rebeka", Ambush", "Rebeka.Ambush@gmail.com"
"Amalita", Birge", "Amalita.Birge@gmail.com"
"Drusy", Barno", "Drusy.Barno@gmail.com"
"Donella", Beilby", "Donella.Beilby@gmail.com"
"Pepi", Barkdull", "Pepi.Barkdull@hotmail.com"
"Karlie", Alleva", "Karlie.Alleva@gmail.com"
"Devora", Belfiore", "Devora.Belfiore@gmail.com"
"Blinnie", Ahmed", "Blinnie.Ahmed@gmail.com"
"Cecile", Addeo", "Cecile.Addeo@hotmail.com"
"Olivette", Banahan", "Olivette.Banahan@gmail.com"
"Hilary", Allbaugh", "Hilary.Allbaugh@gmail.com"
"Kelley", Abeles", "Kelley.Abeles@gmail.com"
"Jenilee", Acock", "Jenilee.Acock@gmail.com"
"Torrie", Addonizio", "Torrie.Addonizio@hotmail.com"
"Minerva", Albo", "Minerva.Albo@gmail.com"
"Kitty", Allbright", "Kitty.Allbright@gmail.com"
"Dulcy", Balogh", "Dulcy.Balogh@hotmail.com"
"Julee", Adell", "Julee.Adell@gmail.com"
"Jaime", Biscoe", "Jaime.Biscoe@gmail.com"
"Joby", Agoston", "Joby.Agoston@gmail.com"
"Cleopatra", Barilla", "Cleopatra.Barilla@hotmail.com"
"Jo Ann", Birkel", "Jo Ann.Birkel@hotmail.com"
"Brynna", Barnhill", "Brynna.Barnhill@hotmail.com"
"Allison", Allard", "Allison.Allard@gmail.com"
"Charla", Backen", "Charla.Backen@hotmail.com"
"Ketty", Ba", "Ketty.Ba@hotmail.com"
"Nadya", Aikey", "Nadya.Aikey@gmail.com"
"Brittani", Albino", "Brittani.Albino@gmail.com"
"Thekla", Balough", "Thekla.Balough@hotmail.com"
"Shawn", Akerman", "Shawn.Akerman@hotmail.com"
"Lise", Agnor", "Lise.Agnor@gmail.com"
"Loralee", Beiswanger", "Loralee.Beiswanger@hotmail.com"
"Alyse", Abdelnour", "Alyse.Abdelnour@gmail.com"
"Dotty", Ackland", "Dotty.Ackland@gmail.com"
"Maddi", Agrusa", "Maddi.Agrusa@hotmail.com"
"Kaitlin", Alten", "Kaitlin.Alten@hotmail.com"
"Kirbie", Bireley", "Kirbie.Bireley@hotmail.com"
"Natassia", Abt", "Natassia.Abt@gmail.com"
"Chloette", Akhavan", "Chloette.Akhavan@gmail.com"
"Jammie", Agrawal", "Jammie.Agrawal@gmail.com"
"Consuelo", Altom", "Consuelo.Altom@hotmail.com"
"Lily", Alworth", "Lily.Alworth@gmail.com"
"Cathie", Acosta", "Cathie.Acosta@gmail.com"
"Benedicta", Aigner", "Benedicta.Aigner@gmail.com"
"Krysta", Bachtel", "Krysta.Bachtel@gmail.com"
"Katina", Alcott", "Katina.Alcott@gmail.com"
"Loni", Alten", "Loni.Alten@gmail.com"
"Georgena", Allert", "Georgena.Allert@hotmail.com"
"Susanetta", Altshuler", "Susanetta.Altshuler@gmail.com"
"Valentina", Barley", "Valentina.Barley@hotmail.com"
"Lynea", Barnish", "Lynea.Barnish@gmail.com"
"Charla", Abend", "Charla.Abend@hotmail.com"
"Roseanna", Achey", "Roseanna.Achey@hotmail.com"
"Lianna", Ahner", "Lianna.Ahner@hotmail.com"
"Aundrea", Achille", "Aundrea.Achille@hotmail.com"
"Maryanne", Aaron", "Maryanne.Aaron@gmail.com"
"Corie", Binsfeld", "Corie.Binsfeld@hotmail.com"
"Kitty", Aalto", "Kitty.Aalto@gmail.com"
"Ardis", Adornetto", "Ardis.Adornetto@hotmail.com"
"Amandie", Aldape", "Amandie.Aldape@hotmail.com"
"Anissa", Addeo", "Anissa.Addeo@gmail.com"
"Mildrid", Balzer", "Mildrid.Balzer@gmail.com"
"Bobette", Belcastro", "Bobette.Belcastro@gmail.com"
"Julieta", Accetta", "Julieta.Accetta@hotmail.com"
"Ainslie", Allender", "Ainslie.Allender@gmail.com"
"Danni", Beiler", "Danni.Beiler@gmail.com"
"Donnamarie", Altier", "Donnamarie.Altier@hotmail.com"
"Con", Altherr", "Con.Altherr@gmail.com"
"Orel", Birks", "Orel.Birks@hotmail.com"
"Jacquelyn", Aleshire", "Jacquelyn.Aleshire@hotmail.com"
"Ina", Abegglen", "Ina.Abegglen@gmail.com"
"Estele", Birke", "Estele.Birke@gmail.com"
"Gypsy", Beiter", "Gypsy.Beiter@gmail.com"
"Fred", Alspach", "Fred.Alspach@hotmail.com"
"Krystal", Alphonso", "Krystal.Alphonso@hotmail.com"
"Vyky", Acock", "Vyky.Acock@gmail.com"
"Astrix", Alva", "Astrix.Alva@gmail.com"
"Rozanna", Baltzell", "Rozanna.Baltzell@gmail.com"
"Daveen", Aarons", "Daveen.Aarons@gmail.com"
"Guendolen", Ambush", "Guendolen.Ambush@gmail.com"
"Myrtia", Aceves", "Myrtia.Aceves@hotmail.com"
"Sukey", Addis", "Sukey.Addis@gmail.com"
"Erinn", Birckhead", "Erinn.Birckhead@gmail.com"
"Gray", Ba", "Gray.Ba@hotmail.com"
"Talya", Ailey", "Talya.Ailey@hotmail.com"
"Kalila", Bamburg", "Kalila.Bamburg@hotmail.com"
"Lyndel", Acoff", "Lyndel.Acoff@gmail.com"
"Mandy", Alcala", "Mandy.Alcala@hotmail.com"
"Arleen", Albu", "Arleen.Albu@hotmail.com"
"Jackquelin", Allmendinger", "Jackquelin.Allmendinger@gmail.com"
"Karoly", Acreman", "Karoly.Acreman@hotmail.com"
"Darell", Allard", "Darell.Allard@hotmail.com"
"Chery", Akin", "Chery.Akin@gmail.com"
"Lacy", Bancroft", "Lacy.Bancroft@gmail.com"
"Mirna", Agopian", "Mirna.Agopian@gmail.com"
"Anna-Diana", Balma", "Anna-Diana.Balma@gmail.com"
"Marrissa", Alred", "Marrissa.Alred@hotmail.com"
"Jandy", Albro", "Jandy.Albro@hotmail.com"
"Yoshi", Ackerly", "Yoshi.Ackerly@gmail.com"
"Natasha", Baro", "Natasha.Baro@gmail.com"
"Hyacinth", Almen", "Hyacinth.Almen@gmail.com"
"Elianora", Agosta", "Elianora.Agosta@gmail.com"
"Carmon", Balles", "Carmon.Balles@gmail.com"
"Henrietta", Alpert", "Henrietta.Alpert@gmail.com"
"Dacie", Aley", "Dacie.Aley@gmail.com"
"Mickie", Aden", "Mickie.Aden@gmail.com"
"Ernestine", Ahmad", "Ernestine.Ahmad@hotmail.com"
"Sibbie", Beiriger", "Sibbie.Beiriger@gmail.com"
"Cicily", Birdsall", "Cicily.Birdsall@gmail.com"
"Valene", Belhumeur", "Valene.Belhumeur@gmail.com"
"Cherida", Bisby", "Cherida.Bisby@gmail.com"
"Adelind", Balma", "Adelind.Balma@hotmail.com"
"Kylie", Baltzell", "Kylie.Baltzell@gmail.com"
"Tedi", Baal", "Tedi.Baal@hotmail.com"
"Hyacinth", Behrens", "Hyacinth.Behrens@hotmail.com"
"Bethena", Balsbaugh", "Bethena.Balsbaugh@hotmail.com"
"Gelya", Barkes", "Gelya.Barkes@gmail.com"
"Jolyn", Beidler", "Jolyn.Beidler@gmail.com"
"Pauletta", Akhavan", "Pauletta.Akhavan@hotmail.com"
"Rosalie", Aloia", "Rosalie.Aloia@gmail.com"
"Adrianne", Albright", "Adrianne.Albright@hotmail.com"
"Onida", Beilke", "Onida.Beilke@hotmail.com"
"Pansie", Agrawal", "Pansie.Agrawal@hotmail.com"
"Idaline", Alessi", "Idaline.Alessi@gmail.com"
"Kore", Alexandre", "Kore.Alexandre@gmail.com"
"Eba", Almasi", "Eba.Almasi@gmail.com"
"Tiphany", Babinec", "Tiphany.Babinec@hotmail.com"
"Hesther", Aberg", "Hesther.Aberg@gmail.com"
"Cecile", Bachtel", "Cecile.Bachtel@hotmail.com"
"Ginni", Ambrogio", "Ginni.Ambrogio@hotmail.com"
"Kathleen", Abdou", "Kathleen.Abdou@gmail.com"
"Yolane", Baringer", "Yolane.Baringer@gmail.com"
"Gilberta", Alagna", "Gilberta.Alagna@hotmail.com"
"Jenine", Acoba", "Jenine.Acoba@gmail.com"
"Rea", Backlund", "Rea.Backlund@hotmail.com"
"Claudetta", Belanger", "Claudetta.Belanger@gmail.com"
"Prudy", Alley", "Prudy.Alley@gmail.com"
"Vevay", Barnaba", "Vevay.Barnaba@hotmail.com"
"Tanhya", Balmes", "Tanhya.Balmes@gmail.com"
"Harriett", Alstott", "Harriett.Alstott@gmail.com"
"Quinn", Aguiniga", "Quinn.Aguiniga@hotmail.com"
"Jayne", Bargar", "Jayne.Bargar@hotmail.com"
"Alys", Alexson", "Alys.Alexson@gmail.com"
"Wally", Altschul", "Wally.Altschul@gmail.com"
"Yelena", Babineaux", "Yelena.Babineaux@gmail.com"
"Melinda", Bachhuber", "Melinda.Bachhuber@hotmail.com"
"Rici", Altschuler", "Rici.Altschuler@gmail.com"
"Vivia", Behring", "Vivia.Behring@gmail.com"
"Kati", Achter", "Kati.Achter@hotmail.com"
"Cami", Adorno", "Cami.Adorno@gmail.com"
"Tobi", Abu", "Tobi.Abu@hotmail.com"
"Kalindi", Banas", "Kalindi.Banas@hotmail.com"
"Fina", Abele", "Fina.Abele@gmail.com"
"Debera", Beiser", "Debera.Beiser@gmail.com"
"Antonina", Albitz", "Antonina.Albitz@hotmail.com"
"Dominga", Abarca", "Dominga.Abarca@gmail.com"
"Fernande", Beilman", "Fernande.Beilman@hotmail.com"
"Gus", Allegro", "Gus.Allegro@hotmail.com"
"Dacey", Ahlert", "Dacey.Ahlert@gmail.com"
"Annette", Alaimo", "Annette.Alaimo@hotmail.com"
"Griselda", Abeyta", "Griselda.Abeyta@gmail.com"
"Helene", Albo", "Helene.Albo@hotmail.com"
"Rafaela", Aliberti", "Rafaela.Aliberti@hotmail.com"
"Orelle", Allmaras", "Orelle.Allmaras@hotmail.com"
"Jeniffer", Alridge", "Jeniffer.Alridge@hotmail.com"
"Reine", Altice", "Reine.Altice@gmail.com"
"Lishe", Baba", "Lishe.Baba@hotmail.com"
"Rivy", Alavi", "Rivy.Alavi@hotmail.com"
"Eleanora", Afonso", "Eleanora.Afonso@gmail.com"
"Milissent", Adcox", "Milissent.Adcox@gmail.com"
"Atalanta", Alvardo", "Atalanta.Alvardo@gmail.com"
"Tessa", Birchard", "Tessa.Birchard@gmail.com"
"Jobye", Binns", "Jobye.Binns@hotmail.com"
"Britta", Abramo", "Britta.Abramo@gmail.com"
"Alexandrina", Barnosky", "Alexandrina.Barnosky@hotmail.com"
"Loretta", Abbruzzese", "Loretta.Abbruzzese@gmail.com"
"Alina", Albertini", "Alina.Albertini@gmail.com"
"Allina", Albro", "Allina.Albro@hotmail.com"
"Tisha", Albertson", "Tisha.Albertson@hotmail.com"
"Wynne", Alsteen", "Wynne.Alsteen@hotmail.com"
"Lonna", Barna", "Lonna.Barna@gmail.com"
"Danya", Alden", "Danya.Alden@hotmail.com"
"Loreen", Agosta", "Loreen.Agosta@hotmail.com"
"Elfrida", Birkes", "Elfrida.Birkes@gmail.com"
"Helli", Aitken", "Helli.Aitken@gmail.com"
"Rosemaria", Adamik", "Rosemaria.Adamik@hotmail.com"
"Harmonie", Aleo", "Harmonie.Aleo@gmail.com"
"Donny", Altom", "Donny.Altom@hotmail.com"
"Jonie", Banaszynski", "Jonie.Banaszynski@gmail.com"
"Kalinda", Bacharach", "Kalinda.Bacharach@hotmail.com"
"Dulcy", Akerley", "Dulcy.Akerley@gmail.com"
"Moina", Albright", "Moina.Albright@hotmail.com"
"Pansie", Backman", "Pansie.Backman@hotmail.com"
"Mona", Allebach", "Mona.Allebach@hotmail.com"
"Mala", Abbey", "Mala.Abbey@hotmail.com"
"Gabriella", Agler", "Gabriella.Agler@gmail.com"
"Allegra", Abell", "Allegra.Abell@hotmail.com"
"Dion", Birnbach", "Dion.Birnbach@hotmail.com"
"Ailene", Alberto", "Ailene.Alberto@gmail.com"
"Lauraine", Aarhus", "Lauraine.Aarhus@gmail.com"
"Robbie", Amacher", "Robbie.Amacher@hotmail.com"
"Jobye", Allcorn", "Jobye.Allcorn@gmail.com"
"Kip", Ade", "Kip.Ade@hotmail.com"
"Eddie", Belgum", "Eddie.Belgum@gmail.com"
"Diann", Beinke", "Diann.Beinke@hotmail.com"
"Vinita", Biro", "Vinita.Biro@gmail.com"
"Jayme", Abreu", "Jayme.Abreu@gmail.com"
"Brena", Alsteen", "Brena.Alsteen@gmail.com"
"Coletta", Alliston", "Coletta.Alliston@gmail.com"
"Yelena", Bacani", "Yelena.Bacani@hotmail.com"
"Ricki", Aebersold", "Ricki.Aebersold@gmail.com"
"Lauraine", Bachman", "Lauraine.Bachman@hotmail.com"
"Shae", Bein", "Shae.Bein@gmail.com"
"Lian", Alt", "Lian.Alt@hotmail.com"
"Katine", Adler", "Katine.Adler@hotmail.com"
"Zabrina", Ambrosius", "Zabrina.Ambrosius@gmail.com"
"Kristy", Almquist", "Kristy.Almquist@hotmail.com"
"Jodie", Aerts", "Jodie.Aerts@hotmail.com"
"Babita", Almendarez", "Babita.Almendarez@hotmail.com"
"Jeannie", Akehurst", "Jeannie.Akehurst@gmail.com"
"Alvera", Almazan", "Alvera.Almazan@gmail.com"
"Vita", Alloy", "Vita.Alloy@gmail.com"
"Koressa", Allar", "Koressa.Allar@hotmail.com"
"Cheslie", Acord", "Cheslie.Acord@gmail.com"
"Clare", Aagaard", "Clare.Aagaard@hotmail.com"
"Suzi", Birchfield", "Suzi.Birchfield@gmail.com"
"Neala", Alms", "Neala.Alms@hotmail.com"
"Alyss", Alperstein", "Alyss.Alperstein@hotmail.com"
"Marquita", Agoston", "Marquita.Agoston@gmail.com"
"Bobbee", Abels", "Bobbee.Abels@gmail.com"
"Basia", Alliston", "Basia.Alliston@gmail.com"
"Audie", Alix", "Audie.Alix@hotmail.com"
"Olympie", Adames", "Olympie.Adames@gmail.com"
"Druci", Alagna", "Druci.Alagna@gmail.com"
"Elisabet", Beilstein", "Elisabet.Beilstein@hotmail.com"
"Cathe", Behrman", "Cathe.Behrman@hotmail.com"
"Lizbeth", Able", "Lizbeth.Able@gmail.com"
"Leesa", Aden", "Leesa.Aden@hotmail.com"
"Jodi", Albani", "Jodi.Albani@hotmail.com"
"Austine", Abramson", "Austine.Abramson@gmail.com"
"Gusti", Altherr", "Gusti.Altherr@gmail.com"
"Catherina", Allam", "Catherina.Allam@hotmail.com"
"Margaret", Alward", "Margaret.Alward@gmail.com"
"Stacee", Binkowski", "Stacee.Binkowski@gmail.com"
"Gwenneth", Allenbaugh", "Gwenneth.Allenbaugh@gmail.com"
"Ardath", Aebersold", "Ardath.Aebersold@gmail.com"
"Loni", Amado", "Loni.Amado@hotmail.com"
"Pamella", Belak", "Pamella.Belak@gmail.com"
"Nata", Bischoff", "Nata.Bischoff@gmail.com"
"Joanne", Birden", "Joanne.Birden@gmail.com"
"Geneva", Altland", "Geneva.Altland@hotmail.com"
"Emmalynn", Achorn", "Emmalynn.Achorn@hotmail.com"
"Kriste", Barillaro", "Kriste.Barillaro@gmail.com"
"Isabelita", Acklin", "Isabelita.Acklin@hotmail.com"
"Raphaela", Alario", "Raphaela.Alario@gmail.com"
"Jordana", Ambs", "Jordana.Ambs@hotmail.com"
"Farica", Amedeo", "Farica.Amedeo@gmail.com"
"Dot", Alzate", "Dot.Alzate@gmail.com"
"Nanci", Abate", "Nanci.Abate@hotmail.com"
"Cacilie", Amabile", "Cacilie.Amabile@hotmail.com"
"Jazmin", Albin", "Jazmin.Albin@hotmail.com"
"Chrissy", Allmendinger", "Chrissy.Allmendinger@hotmail.com"
"Penelope", Bisceglia", "Penelope.Bisceglia@gmail.com"
"Grata", Amari", "Grata.Amari@hotmail.com"
"Valentine", Bargo", "Valentine.Bargo@gmail.com"
"Babs", Babic", "Babs.Babic@gmail.com"
"Halli", Alfson", "Halli.Alfson@gmail.com"
"Elenore", Barnfield", "Elenore.Barnfield@gmail.com"
"Jonis", Ambrosia", "Jonis.Ambrosia@gmail.com"
"Janean", Agricola", "Janean.Agricola@hotmail.com"
"Magdalene", Altendorf", "Magdalene.Altendorf@hotmail.com"
"Chloe", Accola", "Chloe.Accola@gmail.com"
"Vikki", Alexis", "Vikki.Alexis@gmail.com"
"Lenee", Allread", "Lenee.Allread@gmail.com"
"Vanya", Banach", "Vanya.Banach@gmail.com"
"Ginnie", Adamcik", "Ginnie.Adamcik@gmail.com"
"Petronilla", Alyea", "Petronilla.Alyea@hotmail.com"
"Laurella", Bejar", "Laurella.Bejar@hotmail.com"
"Kym", Aimone", "Kym.Aimone@gmail.com"
"Cathe", Bachman", "Cathe.Bachman@gmail.com"
"Lesya", Altis", "Lesya.Altis@gmail.com"
"Donielle", Altermatt", "Donielle.Altermatt@hotmail.com"
"Lida", Agate", "Lida.Agate@gmail.com"
"Tawnya", Birke", "Tawnya.Birke@gmail.com"
"Daphna", Allard", "Daphna.Allard@gmail.com"
"Damita", Ambuehl", "Damita.Ambuehl@gmail.com"
"Rose", Behrman", "Rose.Behrman@gmail.com"
"Fannie", Adell", "Fannie.Adell@gmail.com"
"Colline", Balser", "Colline.Balser@hotmail.com"
"Dollie", Alessandrini", "Dollie.Alessandrini@hotmail.com"
"Tarrah", Achenbach", "Tarrah.Achenbach@hotmail.com"
"Lyndsay", Banaszewski", "Lyndsay.Banaszewski@gmail.com"
"Daryl", Belfer", "Daryl.Belfer@gmail.com"
"Leonanie", Barlage", "Leonanie.Barlage@hotmail.com"
"Nonnah", Algiere", "Nonnah.Algiere@gmail.com"
"Sybyl", Aloia", "Sybyl.Aloia@hotmail.com"
"Alissa", Abernathy", "Alissa.Abernathy@gmail.com"
"Winonah", Back", "Winonah.Back@hotmail.com"
"Lynnet", Ahnert", "Lynnet.Ahnert@gmail.com"
"Daile", Barkow", "Daile.Barkow@gmail.com"
"Adoree", Adamek", "Adoree.Adamek@hotmail.com"
"Debora", Birkland", "Debora.Birkland@hotmail.com"
"Adela", Bachand", "Adela.Bachand@gmail.com"
"Celestyna", Alms", "Celestyna.Alms@gmail.com"
"Xylia", Albuquerque", "Xylia.Albuquerque@gmail.com"
"Dorthea", Akhtar", "Dorthea.Akhtar@gmail.com"
"Maighdiln", Bel", "Maighdiln.Bel@gmail.com"
"Raye", Akey", "Raye.Akey@gmail.com"
"Shelba", Alers", "Shelba.Alers@hotmail.com"
"Manda", Beinlich", "Manda.Beinlich@hotmail.com"
"Joice", Abramovich", "Joice.Abramovich@hotmail.com"
"Sonja", Banaszak", "Sonja.Banaszak@hotmail.com"
"Donella", Allio", "Donella.Allio@hotmail.com"
"Josselyn", Adell", "Josselyn.Adell@gmail.com"
"Blondy", Agosti", "Blondy.Agosti@gmail.com"
"Alvina", Ackland", "Alvina.Ackland@gmail.com"
"Lisha", Belfer", "Lisha.Belfer@gmail.com"
"Cinderella", Allers", "Cinderella.Allers@gmail.com"
"Penni", Abby", "Penni.Abby@hotmail.com"
"Mercie", Birkhead", "Mercie.Birkhead@hotmail.com"
"Doralynne", Bekele", "Doralynne.Bekele@gmail.com"
"Dawna", Alzate", "Dawna.Alzate@hotmail.com"
"Elysha", Almada", "Elysha.Almada@gmail.com"
"Lorrin", Birchett", "Lorrin.Birchett@hotmail.com"
"Breena", Abascal", "Breena.Abascal@gmail.com"
"Brittani", Babington", "Brittani.Babington@gmail.com"
"Cayla", Bambenek", "Cayla.Bambenek@hotmail.com"
"Flore", Afflerbach", "Flore.Afflerbach@gmail.com"
"Joeann", Acedo", "Joeann.Acedo@hotmail.com"
